{
  "note": "tuning skipped; passthrough of metrics",
  "has_optuna": true,
  "per_target": {
    "Nitrogen_kg_ha": {
      "model": "ExtraTreesRegressor",
      "r2": 0.9002419964046645,
      "rmse": 23.304369763081862,
      "mae": 19.12000866666666
    },
    "Phosphorus_kg_ha": {
      "model": "SVR",
      "r2": 0.7564221487647766,
      "rmse": 6.738341148145906,
      "mae": 5.3849463201591075
    },
    "Potassium_kg_ha": {
      "model": "GradientBoostingRegressor",
      "r2": 0.8903808128541691,
      "rmse": 37.58356577681587,
      "mae": 30.926573981228035
    },
    "Organic_Carbon_%": {
      "model": "ExtraTreesRegressor",
      "r2": 0.9987048571443041,
      "rmse": 0.016579185142822927,
      "mae": 0.012909799999999999
    },
    "Boron_ppm": {
      "model": "Lasso",
      "r2": -3.189517630075578e-05,
      "rmse": 0.2284200028456352,
      "mae": 0.1986842
    },
    "Calcium_ppm": {
      "model": "SVR",
      "r2": -0.012267263620090674,
      "rmse": 178.5850952829792,
      "mae": 156.4089102991208
    },
    "Copper_ppm": {
      "model": "Lasso",
      "r2": -0.0028646513716625854,
      "rmse": 0.4450291201988922,
      "mae": 0.38731998
    },
    "Iron_ppm": {
      "model": "RandomForestRegressor",
      "r2": 0.8537889985288354,
      "rmse": 0.671788848351921,
      "mae": 0.4812594000000001
    },
    "Magnesium_ppm": {
      "model": "SVR",
      "r2": -0.0026895832663438313,
      "rmse": 87.63158493891008,
      "mae": 75.62159907525513
    },
    "Sulfur_ppm": {
      "model": "ElasticNet",
      "r2": -0.008326373586027946,
      "rmse": 7.611465457631362,
      "mae": 6.623668433767798
    },
    "Zinc_ppm": {
      "model": "Lasso",
      "r2": -0.0010914370215455715,
      "rmse": 0.2559898301812984,
      "mae": 0.22107588
    },
    "Electrical_Conductivity_dSm": {
      "model": "SVR",
      "r2": 0.7183630998926285,
      "rmse": 0.15886101780743148,
      "mae": 0.126001663861567
    },
    "Water_Retention_10kPa": {
      "model": "Ridge",
      "r2": 0.0024330873180568036,
      "rmse": 58.28213644907956,
      "mae": 50.93623943022429
    },
    "Water_Retention_1500kPa": {
      "model": "ElasticNet",
      "r2": -0.0007468447456986382,
      "rmse": 60.08884167136316,
      "mae": 51.94844198682229
    },
    "Water_Retention_33kPa": {
      "model": "Ridge",
      "r2": 0.0024010212921010687,
      "rmse": 58.82819843183845,
      "mae": 50.811976246992124
    },
    "Sand_Content": {
      "model": "RandomForestRegressor",
      "r2": 0.29976253308019707,
      "rmse": 12.019159816101956,
      "mae": 10.354536000000001
    },
    "Clay_Content": {
      "model": "LinearRegression",
      "r2": 0.12395084079813579,
      "rmse": 7.8280788283898834,
      "mae": 6.546551120247275
    },
    "Silt_Content": {
      "model": "ExtraTreesRegressor",
      "r2": 0.07874223669509128,
      "rmse": 16.146111642222444,
      "mae": 13.510290666666666
    },
    "pH": {
      "model": "Ridge",
      "r2": 0.02549588828719207,
      "rmse": 0.6740420485994282,
      "mae": 0.5407436335771384
    }
  }
}